,Rating,Comment
1,5,"Well-packed and shipped immediately. Received in good condition and items are complete. Fast delivery as well. Thanks!"
2,5,"Thank you kc my free p syağŸ‘ğŸ‘ğŸ‘Pag mlpit n maubos, order po ulit ako â¤ï¸â¤ï¸â¤ï¸"
3,5,never pa ko binigo neto ni one full lifeâ¤ï¸ğŸ¤— salamat dahil laging on time ang delivery nyo at laging maayos ang packaging.... kaya di ako lumilipat sa iba dahil tiwala ako sa inyo guysâ˜ï¸godbless .. and more sales to comeğŸ˜‰
4,5,wala kong masabe... pang ilang beses nakong nag order sa seller na ONE FULL LIFE... very trustedğŸ¤—ğŸ¤— laging well package at may pa free palagi.. thank you and godblessğŸ¤—
5,5,"effective sya sorry d mka upload ng photos ng order ako ulit dhil paubos n ang supply ko.tnx p"
6,5,This is my 2nd order to this shop. Dahil natuwa naman ako sa effect na detox nitong product. Masasabi ko na legit tlaga to...so dito na ko magoorder ng glutalipo juice â¤ï¸ Thankyou seller sa facemask.
7,5,"super well packed po tlga and good condition..with freebie p c seller..thank u so much po for a job well done.."
8,5,"thank you thank you my fave suki,bilis din ng delivery"
9,5,thank you thank you thank you thank you thank you thank you thank you thank you thank you thank
10,5,"Delivered fast and sealed. Sana effective saken para hello beaches na ğŸ¤—ğŸ¤—ğŸ¤—ğŸ¤—ğŸ¤—ğŸ¤—ğŸ¤—ğŸ¤­ğŸ¤—ğŸ¤­ğŸ¤­"
11,5,"second time to order on this shop! item came on time and woth freebies too. thank you so much seller!"
12,5,"hello po sa napakabait n seller laging may free at super nagustuhan q po ang huling free nyo pp sakin kc yan talagang conditioner n yan ang ginagamit q..sobrang legit pa ng product nila kaya highly recommended dito n po kau mag order sa kanila di kau magccc..5star kau sakin at kung may 10atar nga lang un ang ibbgay q eh.i will order again next time pag naubos n ulit ito..thanks.."
13,5,"always in good packaging. super effective antioxidant, its my nth times ordering this. thanks seller"
14,5,ok Po cya salamat saller at Kay kuya delivery u till next time Po ulit salamat will order Po ulit.
15,5,"Second time to order and this shop never fails me! Thankyou po for fast transaction, bilis dumating and may pa freebie ulit. Definitely wil order again! "
16,5,"This is my 2nd order to forever ğŸ˜† always come with a freebie the seller is very generous! ğŸ˜ğŸ˜Š"
17,5,"At first I am nervous to try thia product cheaper kasi sya compared sa nabibilhan ko, but when I tried it I fhink texture and taste are the same. Thank you seller! also for the freebie, Tunay naman po nakakaulong ang glutalipo sa pagpapayat but you need to help also, bawas sa carbs mostly white meat would be recommended then sabayan ng inom ng drink na ito, so far umiinom ako nito mga 3 months na siguro and I can see my weight is decreasing!! thank you again seller! will order again sooon â¤ more power!"
18,5,Thank you for always giving ğŸ’¯ satisfaction to all your clients. Godbless and more clients to come! ğŸ˜Š
19,5,"thank u po at napakaganda po ng pagkabalot po,thank e sa freebies rin poğŸ˜ğŸ˜ğŸ˜ğŸ˜ğŸ˜ğŸ˜ğŸ˜ğŸ˜ğŸ˜ğŸ˜ğŸ˜ğŸ˜ğŸ˜ğŸ˜ğŸ˜ğŸ˜ğŸ˜ğŸ˜ğŸ˜ğŸ˜ğŸ˜ğŸ‘ğŸ‘ğŸ‘ğŸ‘ğŸ‘ğŸ‘ğŸ‘"
20,5,Effective
21,5,"my suki onefull life, good package, nothing to say, dont know many times na ako nag order,, sa uulitin ulit
thankyou"
22,5,"9.9 Lazada order ğŸ˜came early, thanks for the freebie maskâ™¥ï¸"
23,5,"Maganda ang item, Authentic. I was buying it almost twice a month . ğŸ˜ğŸ˜ğŸ˜ğŸ˜ğŸ˜ğŸ˜ğŸ‘ğŸ‘ğŸ‘ğŸ‘ğŸ‘ğŸ‘ğŸ‘ğŸ‘"
24,5,ntikman ko na sya ok naman sa panlasa ko sana efective sakin fast delevery din sya at may pa
25,5,Mejo sumasakit tlg tian ko pag umiinom nito.. Hahaha.. Ganun tlg pag umiinom aq ng laxative. Original naman siya since trusted ko n ang seller na to and same ng lasa sa dating na bilhan ko. Pwde
26,5,Thankyou po! ğŸ¤—ğŸ¤—
27,5,natanggap qna yong order ko Ang ayos pagkapack walang yupi at may free mask pa thanks 
28,5,"onefull life is the best, thank again for the freebies, fast delivery, nice packaging, sa uulitin
"
29,5,"Very effective.................................................... 
"
30,5,"i been buying this to this seller and it was always packed securely and they always give freebeesğŸ¥° God bless u seller
"
31,5,"Thank you ğŸ˜ŠğŸ˜ŠğŸ˜ŠğŸ˜Š"
32,5,"aggaga.  fjdjs.   iddjs iaiw firj fjdjd fidjd dj. j j j jjj jjn nn nnn nn jjj jjj hh hh hhh hh hh hhh"
33,5,"pang ilan order ko na sa shop na ito
sorry now lang napicturan kung kailan ubos na 3boxes po yan
super leggit po at maganda ang packaging
till next po ka full life.
"
34,5,"This is my 1st order from this shop and just like what I've read from previous reviews never fails me super safe ng packaging and I also tried it last night I think may effect agad flush out ako this morning ğŸ˜‚ definitely will order again soon before ko maubos ang 4boxes tapos may freebie pa. Thanks to this shop highly recommended! â™¥ï¸"
35,5,"jsjsjjsjsjsjsjjsjajaoaoisisoaoaoajaioaiakoaihahahahauuauauauauauauuauauauauauau"
36,5,"effective po sa akin.."
37,5,"well packed, item was received in good condition, we like it very much. will surely avail next time"
38,5,"items were securely packed well. kudos to the seller because the packaging was great no plastocs even the tape is paper-like. items were sealed "
39,5,"natanggap ko na po..thanks may pa freebie pa 
hopefully may effect to sakin ğŸ˜ŠğŸ˜Š"
40,5,"thanks sa seller ganda ng packaging maayos
"
41,5,"Many times nako nag order dto sa shop na to ğŸ’¯%legit laki na binaba timbang koğŸ˜ŠğŸ‘ thank you and sa freebies â¤ï¸ godbless! One full lifeğŸ‘
"
42,5,"Super ganda and legit twice ko pa Lang nagagamit super ganda and effective â¤ï¸â¤ï¸â¤ï¸â¤ï¸â¤ï¸â¤ï¸
"
43,5,"Fast Delivery.Third order here.Nice packaging."
44,5,"got my order today! and as requested, I also got my freebie.   seller is very responsive. this is my third time to purchase and their service is so impeccable. kudosâ¤ï¸ğŸ˜Š
"
45,5,"This is my second order from this shop. As always, the items were boxed and was delivered immediately. Regarding the product, I thought pangit ang lasa dahil sa kulay nya but it is not that bad. "
46,5,"Thank you seller will order again soon pag naubos and thank you sa rider"
47,5,got my order!thanks s freebies... 
48,5,well pack and kompleto siya..sana effective..ğŸ˜Š
49,5,"sorry for my late review . thank u seller & lazada . 
 wel  nagamit. qna tLga sya . so effective po tLga nakkapag padumi tLga sya .    will order again pag naubos na dto ulit sa store na tu.   thank You.  "
50,5,"Good quality po ang product.. maganda din po ang packaging may freebies pa pong kasama.. salamat ONE FULL LIFE
"
51,5,Sobrang legit po ng item nyo at sobrang Ganda po ng mask na freebies nyo SALAMAT poğŸ™‚
52,5,"thank you seller bilis ng delivery 2days lng... di ko pa na try ,bukas ko tikman sana magustuhan ko lasa."
53,5,"thank u seller for always giving a freebee ğŸ˜ğŸ¥° my husband & I love your product, its really effective in releasing toxins. thank u so much. God bless"
54,5,"Thank you seller for the fast transaction. thank you also for the free facemask. till our next transactions."
55,5,"5 star kc ok tong store na ito 2 times ko ng nag order dto satisfied ako s product,at may pa freebi pa c seller at kay kuya delivery salamat kc ang bait nya"
56,5,"mukha nman effective.nang inom ko plng kinabukasan bawas na ng bawas. salamat po sa frebbie."
57,5,Thanks sa libring mask. . . Good packaging ğŸ‘ğŸ‘ğŸ‘ğŸ‘ğŸ‘ğŸ‘ğŸ‘ğŸ‘ğŸ‘ğŸ‘ğŸ‘ğŸ‘ğŸ‘ğŸ‘ğŸ‘ğŸ‘ğŸ‘ğŸ‘ğŸ‘ğŸ‘ğŸ‘ğŸ‘ğŸ‘ğŸ‘ğŸ‘
58,5,"Thank u sa freebies,. gOdbless po
"
59,5,"So happy for my purchase! ğŸ˜ŠğŸ˜ŠğŸ˜Š Thank you! For the freebie! â¤ï¸ Legit seller! Gluta lipo very effective.. Specially when there is gatherings ang foods are just like always waving at you! You wave them back and slap this item in front of them i mean on the tableğŸ˜‚ and you're free! ğŸ¤£ Free to eatğŸ˜"
60,5,"Thank you so much po, May freebie pa"
61,5,"Packed well and with freebies too. Thanks seller. This is a legit buyğŸ˜ğŸ˜ğŸ˜ğŸ˜ğŸ˜. I will order again"
62,5,Many times nko nag order dto laki na ng bawas timbang ko legit to shop n to thank you po lagi my freebies ğŸ‘ğŸ˜ŠğŸ˜ŠğŸ˜ŠğŸ˜ŠğŸ˜Š
63,5,"My nth time purchasing this products. Legit product and legit seller! Surely will order again
"
64,5,authentic at a very affordable price
65,5,thank you sa freebie
66,5,Wow thank you dumating na order ko 3 days lang at salamt freebie na angle-e ğŸ‘ğŸ‘ğŸ‘
67,5,"Thank you seller, surely order to you next time. 100% for customer service ğŸ˜Š tapos ang organize pa ng pagkakapackage nya with freebies pa. acceptable naman yung ibang mga box na nayupi, dahil na siguro yun sa transpo. but all in all, super nice and legit. for those people na naghahanap ng glutalipo, this store is one the best I recommend, thank you ulet sellerğŸ˜Š
"
68,5,"Thank u seller for the fast and hassle transaction and also thank u po sa freebies na N95 mask..Godbless and Keepsafe ğŸ¥°ğŸ™
"
69,5,"Thank you seller. Fast delivery 1 day lang. good packaging, good quality. I'll buy again. wait lng ulit ako free shipping. "
70,5,"thank u sa seller na toh.. super legit unang una ko tiningnan ung seal at d ako nbigo,hndi xa lukot at mgnda din ang packaging plus salamat din po sa free mask.. more order soon po Godbless.."
71,5,"thank you lazada  at lalo na kay seller legit na legit dto marami na akung nabilhan nang gluta lipo mas mabilis ang effect nya dto na ako bbili pag nauboz thanks seller sa pa free ğŸ˜ğŸ˜ğŸ˜ğŸŒŸğŸŒŸğŸŒŸğŸŒŸğŸŒŸğŸŒŸğŸŒŸğŸŒŸğŸŒŸğŸŒŸğŸ‘ğŸ‘ğŸ‘ğŸ‘ğŸ‘
"
72,5,"Effective for me. ilang months na din ako nagamit nito. once or twice a week lang ako umiinom."
73,5,"I got it as in the description, 2boxes of gluta lipo juice plus it comes with a freebie!!! ğŸ’¯Legit!!!
"
74,5,"I would like to refund my money.delivered today and ninakaw ang itmes dapat 2 box glutalipo juice"
75,5,"Sana po effective thank you sa libre mask ğŸ˜‡ğŸ˜Š"
76,5,"sobra sarap ng glutalipo juice nakakaadik inumin pangalwa order ko nato kay seller npakaayos ng packaging at super bilis ng delivery legit na legit talaga sya may pa free pağŸ¥°"
77,5,"okay naman ung product. thnk u seller
"
78,5,Salamat po maganda nman ung pagkakalagay sa Kahon sa uulitin po oorder po ulit ako pag ubos nağŸ˜‡ğŸ˜‡
79,5,"placed my order last April 20 and was delivered on April 22... it was packed well and there was even a free n95 face mask .. thank you seller ğŸ˜Š and thank you, too mr. delivery manğŸ˜Š"
80,5,"thank you so much po ğŸ¥°ğŸ˜˜ğŸ˜˜â™¥ï¸â™¥ï¸ ang bilis po dumating agad ...
"
81,5,"seems legit to me. I dont remember how it reallt looked like when i ordered 2 yrs ago. but it looks the same as the other pictures here. thank you sa freebie!!
"
82,5,"â˜ğŸ˜˜ğŸ˜˜â˜ğŸ˜˜ğŸ˜˜â˜
ğŸ˜˜ğŸ˜˜ğŸ˜˜ğŸ˜˜ğŸ˜˜ğŸ˜˜ğŸ˜˜
ğŸ˜˜ğŸ˜˜ğŸ˜˜ğŸ˜˜ğŸ˜˜ğŸ˜˜ğŸ˜˜
â˜ğŸ˜˜ğŸ˜˜ğŸ˜˜ğŸ˜˜ğŸ˜˜â˜
â˜â˜ğŸ˜˜ğŸ˜˜ğŸ˜˜â˜â˜
â˜â˜â˜ğŸ˜˜â˜â˜â˜"
83,5,"salamat sa pah freebie...ğŸ‘ğŸ‘ğŸ‘ğŸ‘ğŸ‘ğŸ‘ğŸ‘ğŸ‘ğŸ‘"
84,5,"thank You poh onefulllife ang bilis talga dumatin 
igave 5 â­â­â­â­â­"
85,5,"super effective. its been my nth time buying this product. the seller are also responsive & nice. the product is worth the price
"
86,5,"My second purchase. ğŸ˜Š Effective sya sakin â¤ï¸ thank you po sa freebies ğŸ˜ŠğŸ˜ŠğŸ˜Š
"
87,5,"Well packed & shipped immediately.. Kuddos One full life ğŸ‘Œ
"
88,5,Items are complete. We'll packed. Delivered fast. It seems legit naman coz nakaka dedicate tlga Cia. Kailangan Lang talaga samaham ng diet and exercise ang pagpapa payat. Will surely order again to this store kapag naubos ko na. ğŸ˜Š
89,5,"very nice packaging with freebie pa ğŸ¥°thank you!
"
90,5,"Sorry for late rates medyo paubos na siya nasubukan qna rin ang coffee Ganda nakakatulong sa poops araw araw at Plat tummy ğŸ˜ŠğŸ˜Š
"
91,5,"2nd order ko ng item na to. salamat din sa freebie.
"
92,5,"been buying this product for a long time now and its very effective. my husband and I loved itğŸ¥°
"
93,5,"Ambilis ng delivery.. Good job kay manung driver"
94,5,"Complete naman yung package and was shipped immediately. Yung effect daw is within the day.
"
95,5,"Thank u this is my 4th order thanks sa free mask 
"
96,5,"So far hindi ko pa na try ..... Pero maayos naman yung packaging.... Thank seller.......................... Update lang ako ng review pag na try ko na..................
"
97,5,"Ang bilis po, nadeliver agad, thank you seller and lex "
98,5,Arrived and received in good condition. Boxes sealed. Packed securedly. Complete. Legit. 
99,5,"fast shipping and delivery, well packed and complete ung order ko thanks sa pa free na facemask. thanks seller and lazada. "
100,5,"i recommend this seller very kind thanks and ngdeliver kay kuya always 5 star kau skin"
101,5,"well packed, fast delivery and correct item delivered.. may pafreebies pa si supplier..will surely order again. thank you. "
102,5,legit ğŸ’¯
103,5,Thank you!! Well packaged siya! Walang yupi sa boxes! Got it on sale din kaya good catch! May pa freebie pa si seller na mask 
104,5,"Super effective nya. I lost 2kg within 1 week with diet. Dapat rin consistent ka para continuous ang weight lost and right diet.

Packaging was very good may box pa for protection. "
105,5,"Got it! With freebie na soap. â¤ï¸ THANK YOU, SELLER!!! Will try this glutaLipo if papayat ako. â¤ï¸ 5star coz of the freebie ğŸ˜Š"
106,5,thank you po sa seller my free pako at Kay Kuya delivery man na mabaiitğŸ˜Š
107,5,legit! Will order again. Ang bilis pa nya dumating.
108,5,thank you seller..bilis ng delivery may free aloe facial mask pa
109,5,"thank you po ğŸ˜Š"
110,5," Salamat po.. Bilis ng delivery.. "
111,5,Thanks ulit....ğŸ¤©ğŸ˜ğŸ˜ğŸ˜
112,5,nice packaging...may pafree pa..salamat lazada at seller..at kay ate n nagdeliver..salamat po
113,5,Nakabox siya nung dumating. Secured na secured tapos may freebie pa. Super bilis ng shipping. 1 day lang naship na agad
114,5,nice may pa freebies pero bakit ganon maasukal masyado yung glutalipo natural lang kaya yan
115,5,ang bilis ng deliver i ordered june 6 june7 dumating na yung items hopefully effective sya naka try na ako dati sobrang effective
116,5,"thank you
"
117,5,"Super legit!!!!! Thank you po! Thank you kay kuyang nagdeliver kahit sobrang hirap puntahan nung address namin nahanap nya agad. ğŸ˜Š Will order again next time. ğŸ˜Š
Inspired by viy cortez vblog. â¤ï¸
"
118,5,"ok naman po nakasealed ng ayos, yung nakabox kaya di nadamage mga inorder ko. for now yan muna first time ko gagamitin yung deo kaya observe ko muna bago ko bigay feedback ulit. salamat seller sa sunod uli ğŸ˜"
119,5,bkit ganito ung nareceive ko walng sticker . 
120,5,2nd time to order and its legit po 
121,5,"thank you for the freebie
"
122,5,Very good packaging. Arrive early... Thank you one full life ğŸ˜˜ğŸ˜˜ğŸ˜˜ğŸ˜˜ğŸ˜„ğŸ˜„ğŸ˜„
123,5,fast delivery
124,5,legit talaga ito maganda sya very effective sa akin  5star kayo sa akin
125,5,hindibko na mabilang kong ilang beses n ako umorder sa onefulllife store. thank liget product.
126,5,good condition.
127,5,Packed well and naka box as always. Fast delivery too. Thank you seller!
128,5,"super effective ng product nato..many times na din ako omorder sa store nato. Legit, safe and secured. Thanks seller."
129,5,tanggap na po yong parcel in good condition naman po. will buy again soon. thank you po also to lazada & courier
130,5,Thank you po!!!
131,5,legit as always
132,5,"okay ang product
fast delivery
okay si kuyang rider
thankyou seller
happy costumer
5 stars "
133,5,last night nagtake Ng 1 sachet pa Lang Mrs ko. madaling araw pa Lang nag poop na sya. ngayong pang 3 beses na nya maglabas Ng sama Ng loob. Kahit  napakonti pa Lang kinakain or Kahit Wala pang kinakain talagang labas di mapipigilan. mas okay magtake Ng ganto pag stay at home talaga. Ang thank you seller. legit talaga to. kaya next time dito na oorder SI Mrs.
134,5,"well packaged and fast delivery...
with freebies as always... very effective and affordable â¤"
135,5,Ok naman yung product efdective sya thank you seller order ulit pag naubos ğŸ‘ğŸ‘ğŸ‘ğŸ‘ğŸ‘ğŸ‘ğŸ‘ğŸ‘ğŸ‘ğŸ‘ğŸ‘ğŸ‘ğŸ‘ğŸ‘ğŸ‘ğŸ‘ğŸ‘ğŸ‘ğŸ‘ğŸ‘ğŸ‘ğŸ‘ğŸ‘ğŸ‘ğŸ‘ğŸ‘ğŸ‘ğŸ‘ğŸ‘ğŸ‘ğŸ‘ğŸ‘ğŸ‘ğŸ‘ğŸ‘ğŸ‘ğŸ‘ğŸ‘
136,5,..................................... ğŸ‘ğŸ‘ğŸ‘.................................. 
137,5,well packed.fast delivery.thank you!
138,5,"thank you seller suki n po nio aq..â¤ï¸â¤ï¸â¤ï¸
legit po ang store n ito"
139,5,This is my 3rd order dto nko sa shop nato oorder gusto q ung lasa ng gluta nila at kay kua delivery napaka humble po.
140,5,"ok nman xa..nkaka p**p tlga,,kaya lng minsan sakto lng lasa minsan matamis,,minsan kunti mdami fiber minsan malabnaw."
141,5,well packaged and fast delivery talaga plus laging may freebies si seller â¤ Super sulit din and discounted â¤
142,5,its my second tym to order legit xa khit mrami ako kinakaen ndi nag gagain ung timbang ko. Pag naubos oorder ako ulit ğŸ˜Š
143,5,"thank you seller,, suki nio n po aq legit po ang shop n itoğŸ¥°â¤ï¸ ok po ang glutalipo juice,, dyo dn po ako naordr ng rejinâ¤ï¸
thank you dn po s nagdeliverâ˜ºï¸"
144,5,Thank you so much po. Ang ganda ng packaging and ang bilis ng delivery. Sa susunod po ulit na order
145,5,suking suki ko na ang store na to lage may free facemask
146,5,Complete items and well packaged 
147,5,thank you..as always. dito ako lagi na order..ang super bilis ng delivery
148,5,"Well packaged and fast delivery. as in â¤
consistent naman siya and very legit ung item. thank you sa freebies seller ğŸ˜"
149,5,"eto po un store na lagi ko i oorderan ng glutha lipo
mabilis ang delivery and may pa freebies pa."
150,5,pumayat naba kayo na bumili?
151,5,Pangalawang beses ko na nagorder. Actually its my 5th time na nahinto lang. Legit items. Recommended plus minsa sale pa. 
152,5,Shipping and delivery were fast. kakaorder ko lang lahapon nadeliver agad! Complete items! Maayos ang pagkapackage. Thanks! 
153,5,3rd time to buy hiyang ko and always good service sila good packaging and on time will always buy here again
154,5,3rd times q n ata toh dito ğŸ‘
155,5,Thank you the. Additional freebies
156,5,Original and Good product ğŸ˜ŠğŸ‘ğŸ‘
157,5,I was so amazed there is flood water in our area but the courier still delivered the product. salute!
158,5,Good
159,5,Nice product p
160,5,"it is my second purchased,properly sealed and with free mask which i like the most :). "
161,5,as always lagi ako na order nito. and ang bait ng seller lagi may pa freebies. very effective siya sakin.
162,5,great product.. properly sealed and well-packed..i like the free mask too
163,5,"super effective,, for me this is useful after drinking glutalipo it feels great..............."
164,5,My 4th purchased in this shop..thumbs upğŸ‘
165,5,2nd purchase na. Laging on time ang delivery. Di ko sure kung nakakaputi or nakakapayat pero definitely nakakatulong sa constipation kaya di bloated lagi. Lagi din may freebies ang seller na mask. ğŸ‘
166,5,Still works
167,5,"Its been my 3rd time ordering
the package is well packed,delivered on time and it comes with freebies "
168,5,i will order again. thank youğŸ‘ğŸ‘ğŸ‘ğŸ‘ğŸ‘ 
169,5,nka 3 order na aq...super effective
170,5,Sobrang epektib nya wag lang kumaen ng malakas para mabawasan talaga ang timbang salamat sa nag deliver
171,5,"Super legitâ¤ï¸ At nakakatuwa kasi nakabox tlaga yung 2 Gluta lipo Juice drink na order ko. Dito na ko oorder sa shop na to. Super effective din pang 2 days ko ng gnagamit, mas effective kung bago matulog sa gabi inumin. Thank you seller and Lazadaâ¤ï¸â¤ï¸â¤ï¸ Di ko maupload ang picturesğŸ˜"
172,5,thanks po tlga seller na ito.... and sa lagi pa freebies ko
173,5,Packaged very well and wala man lang dents yung mga boxes pagdating. thank you and will surely buy again!
174,5,"maraming beses na akong nag order sa shop na to,
 so far tama po lahat ng orders na dumadating sakin,trusted na syağŸ˜ŠğŸ˜Š "
175,5,my second order and will definitely order again
176,5,i love it. thanks sa freebie NA MASK :)
177,5,Very smooth transaction! ğŸ˜Š
178,5,bsosnsbdoddmdhsjdbxjdosme dufbrofkfhwnskssbdbdjdjdndkdkwnwjsodjdndidjbrhsvevgagwvakaamnshdudhdhdjdhbdjdjxnxjdodjdnxjixjxjdjxjxbxjsoawmdnkdidbdhjdbehxbwiwkmshxgbwisdbskoxndjdod
179,5,4x ko na mag order legit po ğŸ’™
180,5,On time dumating..authentic....tnx din sa pa free mask
181,5,"ğ–±ğ–¾ğ–¼ğ–¾ğ—‚ğ—ğ–¾ğ–½ ğ–ºğ—…ğ—‹ğ–¾ğ–ºğ–½ğ—’. ğ–¥ğ–ºğ—Œğ— ğ–½ğ–¾ğ—…ğ—‚ğ—ğ–¾ğ—‹ğ—’ ğ–ºğ—Œ ğ—ğ—Œğ—ğ–ºğ—… :) ğ–¬ğ–¾ğ–½ğ—’ğ—ˆ ğ—’ğ—ğ—‰ğ—‚ ğ—’ğ—ğ—‡ğ—€ ğ–»ğ—ˆğ—‘ğ–¾ğ—Œ ğ—‰ğ–¾ğ—‹ğ—ˆ ğ—ˆğ—„ ğ—‰ğ–º ğ—‹ğ—‚ğ—‡ ğ—‡ğ–ºğ—†ğ–ºğ—‡. ğ–³ğ—ğ—‚ğ—Œ ğ—ğ—‚ğ—†ğ–¾ ğ—‡ğ–ºğ—„ğ–º ğ—‹ğ–¾ğ–¼ğ–¾ğ—‚ğ—ğ–¾ğ–½ ğ—‡ğ–º ğ—‹ğ—‚ğ—‡ ğ–ºğ—„ğ—ˆ ğ—‡ğ—€ ğ–¿ğ—‹ğ–¾ğ–¾ğ–»ğ—‚ğ–¾, ğ—ğ—ğ–ºğ—‡ğ—„ ğ—! "
182,5,Ang bilis ng delivery. Okay din ang packaging. Iâ€™m so happy ğŸ˜ thank you seller ğŸ‘ğŸ»ğŸ‘ğŸ»ğŸ‘ğŸ»ğŸ‘ğŸ»ğŸ‘ğŸ»
183,5,nice product...ang ganda nya....magaan s pakiramdam at masarap un product...oorderulit ako
184,5,Veey effective sa amin ğŸ’¯ %
185,5,"well packed and fast delivery, thank u sa freebies.."
186,5,effective siya sakin. mabilis ang delivery and well packed ang item
187,5,ang ganda ng packing at may freebies na thank youl..
188,5,da package is good... by why the price. it's not  proper . I saw the 485....bakit ganun... po  but I pay 528.. 
189,5,"the product is legit, kudos to seller and thanks din lazada and sa delivery guy..5 stars"
190,5,this is my 3rd time na omorder ng product na ito. ok nmn siya sakin. na kaka detox siya. and mabilis ang deliver
191,5,Thank you very much seller!!! Fast shipping and with freebies...
192,5,so so very nice  packaging
193,5,its my nth times purchase in this store..the seller is so accommodating. ds product works on me... authentic ğŸ‘ğŸ‘ğŸ‘
194,5,Thanks to the legit producr as always and FREEBIES yehey more than 20 times of recorders ever! ğŸ˜˜ 
195,5,One time pa lang ako umiinom and kinabukasan humilab agad ang tiyan ko
196,5,okay naman po siya pagkainom ko poops agad ng malala hahaha feeling malinis ang katawan will order again.
197,5,The items came ao fast. Nakabalot siya ng maayos. Hindi ko pa siya na try.  We'll see if its really effective. Thank you seller
198,5,i order again pag nramdamn ko n result
199,5,legit sya. salamat seller. will order again pag naubos ung orders ko. mabilis din delivery
200,5,Smooth transaction! Well-packaged and came with a freebie (mask). Thank you seller and kuya rider
201,5,"Securely packed. Tried one sachet and seems the effect to me is as what I read. I have been reading up on its benefits and warnings on fake goods. I have no point of comparison yet since this is my first buy. 

I am not a believer in weight loss without any exercise which I sorely lack during this pandemic. However if these nutrients will help in my health, it is good enough for me."
202,5,maganda ang pagkakabalot at safe na safe pa.. sana effective sa akin to.. para ito na ang lage kung gagamitin salamat seller #onefulllife
203,5,Legit sya
204,5,hopefully it is effective.. though my bowel habit changes
205,5,thank you... will order again 
206,5,good products. thanks sa freebieğŸ˜Š
207,5,tenchuu sa free!!
208,5,"Thank you so much seller, I was delighted with this productğŸ˜Š"
209,5,thank you ang bilis po ng delivery and good condition.
210,5,The package is in good condition. Thank you so much. 
211,5,"Delivery on time..naka plastic wrap sya.wala pa aq nakikitang kakaiba bukod sa poop aq ng 3x 4x ?pa nga ata un ka gawa ung isang sachet ginagawa qng sang inuman sa isang malaking baso..sa sang gabi, naka 5 sachet nako kaso bakit ganun parang tumatakaw ang effect? Hehehe nag try kc aq ng burn slim parang mas ok un kc talaga nalililessen ang kain mo hehehe pero let see qng mababawasan aq ng timbang d2 mag bgay ulet aq ng reviews po..tnx and godbless po.."
212,5,package is so secured and makakasiguro ka talagang legit!! thank you seller ğŸ’–
213,5,Legit â¤ï¸ Same yung effect sa mga nauna kong nabili ğŸ˜Š Well packed din at mabilis ang delivery ğŸ˜Š
214,5,sana po ayy may magandang result saakin
215,5,Ang bilis dumateng ng item. Smooth transactionğŸ˜ğŸ˜ğŸ˜ğŸ˜ğŸ˜ğŸ˜ğŸ˜ğŸ˜ğŸ’—ğŸ’—ğŸ’—ğŸ’—ğŸ’—ğŸ’—ğŸ’—ğŸ’—ğŸ’—ğŸ’—ğŸ’— I will order again
216,5,fast delivery 2 days q n xa iniinom at effective nmn xa sakin nawawalan aq ng ganang kumain...thank u so much seller â˜ºï¸â˜ºï¸
217,5,Items are really legit and it is shipped sooner than expected plus safely packed. Kudos One full life ğŸ‘
218,5,Fast delivery. Thank you so much sa freebeeeee! ğŸ˜Š
219,5,Thank you for the freebieğŸ’—
220,5,not sure if effective talaga sa akin. pero sobrang laking tulong para maging regilar ung bowel movement ko.siguro need talaga sabayan ng exercise ang proper diet para mas makita ung pagpayat effect. thank you seller sa freebie ğŸ˜Š
221,5,Always perfect and with a bonus facial mask. Thank you seller!
222,5,nice packeging and ang bilis dumating ng ordrr ko..I hope legit talaga ito kasi i will order definitely..Naka take na ako nito kaso di ko lang makita supplier ko kasi nag delete ako sana okay din ito at effective...
223,5,thank you bilis dumating ng order ko lagi thank you din sa delivery rider lagi xa ang nag deliver sa bahayğŸ˜Š
224,5,will order again...
225,5,legit talaga salamat lovvvvvvvvvvvvvvvvvvveeeeeeeeeeee it ğŸ˜ğŸ˜ğŸ˜ğŸ˜ğŸ˜ğŸ˜ğŸ˜ğŸ˜ğŸ˜ğŸ˜ğŸ˜ğŸ˜ğŸ˜ğŸ˜ğŸ˜ğŸ˜ğŸ˜ğŸ˜ğŸ˜ğŸ˜ğŸ˜ğŸ˜ğŸ˜ğŸ˜ğŸ˜ğŸ˜ğŸ˜ğŸ˜ğŸ˜ğŸ˜ğŸ˜ğŸ˜ğŸ˜ğŸ˜ğŸ˜ğŸ˜ğŸ˜ğŸ˜ğŸ˜ğŸ˜ğŸ˜ğŸ˜ğŸ˜ğŸ˜ğŸ˜ğŸ˜ğŸ˜ğŸ˜ğŸ˜ğŸ˜ğŸ˜ğŸ˜ğŸ˜ğŸ˜ğŸ˜ğŸ˜ğŸ˜ğŸ˜ğŸ˜ğŸ˜ğŸ˜ğŸ˜ğŸ˜ğŸ˜ğŸ˜ğŸ˜ğŸ˜ğŸ˜ğŸ˜ğŸ˜ğŸ˜ğŸ˜ğŸ˜ğŸ˜ğŸ˜ğŸ˜ğŸ˜ğŸ˜ğŸ˜ğŸ˜ğŸ˜ğŸ˜ğŸ˜ğŸ˜ğŸ˜ğŸ˜ğŸ˜ğŸ˜ğŸ˜ğŸ˜ğŸ˜ğŸ˜ğŸ˜
226,5,"ğŸ˜Šeffective"
227,5,"effective"
228,5,my 2nd order.. satisfied customer here ğŸ˜Š
229,5,super effective for me.. will surely order again..
230,5,thanks seller super duper satisfied legit na legit talaga Ang product nio I will order again soon thanks
231,5,"ordered last 2/16 and it was delivered today..ang bilis. well sealed.hindi yupi ang boxes. thanks seller.
will order again if effective sa kin ğŸ˜Š"
232,5,"Very fast delivery! Ordered on 2/12 and delivered on 2/13. Nakabox at secured yung items kaya iwas yupi yupi. Unlike dun sa dati kong binilhan ng ganito, nkapalastic lang tpos pag dating yupi yuli at tampered na yung seal. Mas mapapalagay kang legit ang products . Thank you, seller. Will order again."
233,5,Good product. Really cleanses your tummy and feel light after. Good to take if you indulge yourself for the day
234,5,"super fast delivery. kakaorder ko lang kahapon, andito na agad. thanks seller!"
235,5,Effective
236,5,Gluta lipo juice is a great product. Now I want to try the gluta lipo coffee.Lets  see if they have the same effect. 
237,5,"Fast delivery as usual, repeat buyer here"
238,5,"2nd purchased ğŸ˜
â˜ºï¸â˜ºï¸â˜ºï¸â˜ºï¸â˜ºï¸â˜ºï¸â˜ºï¸â˜ºï¸â˜ºï¸â˜ºï¸â˜ºï¸â˜ºï¸â˜ºï¸â˜ºï¸â˜ºï¸â˜ºï¸â˜ºï¸â˜ºï¸â˜ºï¸â˜ºï¸â˜ºï¸â˜ºï¸â˜ºï¸â˜ºï¸â˜ºï¸â˜ºï¸â˜ºï¸â˜ºï¸â˜ºï¸â˜ºï¸happy buyer hereğŸ˜„"
239,5,well packed! salamat sa freebie na kn95 facemask. legit.
240,5,Thank sa freebies na mask...
241,5,ulit uli suki
242,5,ğŸ¥°ğŸ¥°ğŸ¥°ğŸ¥°ğŸ¥°ğŸ¥°ğŸ¥°ğŸ¥°ğŸ¥°ğŸ¥°ğŸ¥°ğŸ¥°ğŸ¥°â¤ï¸â¤ï¸â¤ï¸â¤ï¸â¤ï¸â¤ï¸â¤ï¸â¤ï¸â¤ï¸â¤ï¸
243,5,"thank you one full life store,, legit k talaga,,, madami n po aq naorder s eu,, thank you so much po
more than 5 stars po kayo s akn..also ky suki nagdedeliverâ˜ºï¸
god bless us all poğŸ™"
244,5,Fast delivery. I received the item in good condition ğŸ˜Š
245,5,Ang bilis ng delivery order po ako ulit sainyo ğŸ‘ğŸ‘ğŸ‘
246,5,very good product. really effective. 3 nights  ko pa lang iniinom. kta na ang resulta. detox na. bibili ulit ako. 
247,5,tried once and ok naman ung effect sakin. hindi lang ganun sa ineexpect ko na mayat maya pupunta ng cr. like other says. well dapat rin natin sabayan ng exercise toh actually. :) thank you seller
248,5,"very nice product and very good handling. arrived on time. kudos seller!
asdfghjklasdfghjklasdfghjkkl"
249,5,thanks sana pumayat akoâ˜ºï¸â˜ºï¸
250,5,i stopped.using it after 1 sachet coz hindi ko kaya yung lbm effect
251,5,Twice nako nag order dito. Legit! Medyo na delay lang yung pag ship this time. 
252,5,Okay mganda legit yung product and very effective sakin from 81kg down to 72kg after take 2boxes thank you seller nice packaging my free mask pa my order po ako ulit thank you godbless...
253,5,nice packaging. will order again. 
254,5,the best packaging nakaseal pa sa box unlike sa iba hiwa hiwalay ung sachet dito nkabox na may seal pa. thank you
255,5,very effective 
256,5,good quality nmn ung product and thank you sa po sa freebies seller good bless kht gabi na deliver prin ung order ko salamtğŸ˜ŠğŸ˜Š
257,5,Thank you for the fast delivery and the free item. 
258,5,nakakabilid itonng seller na ito kaoorder lang ng friday kinabukasan nandyan na order ko. na try kuna sya so effective nga talaga sya 2 to 3 times akong nagpopoo.lumiit nanang konti ang tyan ko grabe talaga itong glutalipo. keep up the good work.ğŸ‘ğŸ‘ğŸ‘ till next order againğŸ˜Š
259,5,"super worth the price, pagkakainom ko ramdam ko agad ang paghilab ng tyan ko"
260,5,Legit seller. Packed very well with freebie pa. thank you!
261,5,finally i got my order thank u so much 
262,5,Masarap sya matamis nga lang. Legit na mapapadumi ka higit sa isang beses a day. 
263,5,sobrang tagal dumating. ilang beses ako nag chat sa seller  ayaw man lang mag reply. December 29 ako umorder dumating ng January 11. Marami akong nakitang videos ni doc adam about da product na ito pero susubukan ko paring gamitin kung effective ba talaga o hindi. Sana naman next time mag reply kayo po. 
264,5,product receivedğŸ˜thanks Lazada and sa sellerğŸ˜ŠGod bless
265,5,Ganda ng packaging. Nasa box mismo yung iba nakahiwalay sa box. Sana effective hahaha
266,5,legit product
267,5,"ang bilis dumating agad yung order ko, kita nman nka sealed p kaya 5s. "
268,5,bkt iba yung box na pinadala nyo?
269,5,"its my 4rd order ,and legit naman siya. may freebies always."
270,5,"Thank you po :) Sobrang tiwala talaga ako sa inyo . 
Thank you din po sa freebies nyo . Godbless po sa store nyo :) "
271,5,ok nmn po sya...tnx sa mabilis na pag deliver
272,5,Thank you so much!  Super legit will order again. 
273,5,legit! babalik balikan talaga na shop 
274,5,Haven't tried tge product yet. But I hope this will be effective to me
275,5,sobra tamis niya at saka hinde ako gaano na pupu
276,5,"suki na ko ng shop na to. legit lahat ng binibenta nila lalo na mga gluta lipo products. mabilis magship at may pafreebie pa. thanks much"
277,5,"I received the item ğŸ¤—, at naka box po sya sure safe po ng item. Thank you and God bless â¤ï¸"
278,5,thank youâ¤ï¸â¤ï¸â¤ï¸â¤ï¸ may pa freebie pağŸ˜ŠğŸ˜ŠğŸ˜Š ang bilis ng deliverğŸ˜ğŸ˜ğŸ˜
279,5,thank you good product sobrang bilis ng deliver ğŸ¥°ğŸ¥°ğŸ¥° costumer satisfy ğŸ¥°ğŸ¥°
280,5,good job po kay seller. well packed siya. kahapon ko lang siya inorder andito na po agad. may free BURN juice pa. excited to drink it and see the results! thank you. mukhang uulit ako. 
281,5,"Super fast delivery. By the way,when is the best time to drink the gluta lipo? Thanks"
282,5,my brother is using it and he said it is legit because of the expected effects. thank you
283,5,ayos naman bbili.ako ult
284,5,Very effective!
285,5,fast shipping 
286,5,I stopped drinking it. Didnâ€™t even finish one carton. Highly irregular ang bowel movement ko when taking. Masakit din sa tiyan. Baka hindi lang ako hiyang.
287,5,Naglose ako ng wait nakakahekp talaga sya
288,5,very satisfying yung product. â˜ºï¸
289,5,ang gaan sa tiyan.... tanx po...
290,5,Super affordable! 
291,5,I really appreciate the effort guys
292,5,received the package.. excellent quality indeed... 
293,5,its my 2nd time to order at lazada and still satisfied! Glutalipo is what my mom' uses and based on what i observed it was really have some effect on her. So i decided to try it too and see if it is  effective on me.
294,5,Products are really legit and they were shipped sooner than expected plus safely packed. Kudos One full life ğŸ‘
295,5,Ganda ng pagkapacked thank you
296,5,"Basta natatandaan ko may free akong BURN shake, good seller kasi maayos ang packaging at bago ang products. Uy pag bibili ako dun sa kabilang shop nyo dapat may free din ha;) stalker ako eh alam ko san pa kau meron,haha "
297,5,"As usual fast delivery prin.. Maraming beses na ako naka kuha s One Full Life.. Authentic ang mga products nila at marami pang freebies.. today i got 3 sashet of nestea milk tea.. Nakaka bawas tlaga ng timbang pero shempre sabayan mo nrin ng konting kembot..
More Power to Lazada and One Full Life.. Thank U"
298,5,"Effective siya. Though very strong yung smell, masarap yung lasa. Thanks, will order again!"
299,5,Seller always take care of my goods. Thank you and keep it up!
300,5,"Thank you,got my order,hindi ko pa sya nabuksan."
301,5,"hndi kupa na try, hoping a effective result."
302,5,"well packed "
303,5,love ğŸ˜‡ğŸ˜‡ğŸ˜‡ğŸ˜‡ğŸ˜‡ğŸ˜‡ğŸ˜‡ğŸ˜‡ğŸ˜™ğŸ˜™ğŸ˜™ğŸ˜™ğŸ˜™ğŸ˜‡ğŸ˜‡ğŸ˜‡ğŸ˜‡ğŸ˜‡ğŸ˜‡ğŸ˜‡ğŸ˜‡ğŸ˜‡ğŸ˜™ğŸ˜™ğŸ˜™ğŸ˜™ğŸ˜™ğŸ˜™ğŸ˜™ğŸ˜™ğŸ˜™ğŸ˜™ğŸ˜‹ğŸ˜‹ğŸ˜‹ğŸ˜‹ğŸ˜‹ğŸ˜‹ğŸ˜‹ğŸ˜‹
304,5,nice product....I tried it and it works for me magaan sa pkiramdam...â˜ºï¸â˜ºï¸â˜ºï¸â˜ºï¸â˜ºï¸ğŸ˜ŠğŸ˜ŠğŸ˜ŠğŸ˜ŠğŸ˜ŠğŸ˜ŠğŸ˜Š
305,5,"my 2nd time to order..na try ko na ung coffee,kaya try ko namn ung juice,pero mas ok sakin lasa ng juice kasi May lemon flavor sya..same lang din ung effect"
306,5,thankkkkkkk youuuuuu!!!! I will trying it hehehe.. and than you for take free one mask.....
307,5,"Grabe kayo one full life! Legit ğŸ‘Œ super satisfied â˜º taas ang kamay dito ang satisfied kay One full life. 5 stars is not enough po. More power to your shop, and many more costumers. Thank you, at kay LEX PH. "
308,5,"This is my second time ordering here, which also means my second month of taking gluta lipo. I am hoping for more evident results since Iâ€™ve been seeing these drinks really helpful. Nakakatuwa rin dahil may freebie ulit sila na mask hahaha and as usual, very nice packaging. Super secured!!!! Delivered on time and napakabait din ng courier!"
309,5,My nth time to order in this legit store. Since ilang repeat order na ito definitely very satisfied customer ako. 
310,5, thank u a got my order
311,5,arrived in good condition. good for 1 month. definitely will order again. para sa ikakaganda lavarn
312,5,received parcel in good condition. nabasa lang ng konti yung box. but everything is good. 2nd time ordering here. mabilis talaga magship..
313,5,Tried all other flavors except for this one. Iâ€™m sure itâ€™s good too. 
314,5,"fast delivery,no damages at all boxes arw intact complete item, this is my first time to order in this shop and it amazes me  will order soon"
315,5,thank you sellerğŸ˜Š  thanks for the freebie and fast deliveryğŸ˜‰  also well packed...my first try on this productğŸ˜Š  hope it works and seems legitğŸ˜Š  
316,5,ğŸ‹ğŸŠğŸ‹ğŸŠğŸ‹ğŸŠğŸ‹ğŸŠğŸ‹ğŸŠğŸ‹ğŸŠğŸ‹ğŸŠğŸ‹ğŸŠğŸ‹ğŸ¥¤ğŸ¥¤ğŸ¥¤ğŸ¥¤ğŸ¥¤ğŸ¥¤ğŸ¥¤ğŸ¥¤ğŸ¥¤ğŸ¥¤ğŸ¥¤ğŸ¥¤ğŸ¥¤ğŸ¥¤ğŸ¥¤ğŸ¥¤ğŸ¥¤ğŸ‹ğŸ‹ğŸ‹ğŸ‹ğŸ‹ğŸ‹ğŸ‹ğŸ‹ğŸ‹ğŸ‹ğŸ‹ğŸ‹ğŸ‹ğŸ‹ğŸ‹ğŸ‹ğŸ‹ğŸŠğŸŠğŸŠğŸŠğŸŠğŸŠğŸŠğŸŠğŸŠğŸŠğŸŠğŸŠğŸŠğŸŠğŸŠğŸŠğŸŠ
317,5,d ko pa sya natatry kasi para sa husband ko ito ipadala ko pa sa ibang bansa..
318,5,Gusto ko tong product nto kc helpful talaga xa lalo na kung d ka ngpu poop everyday. Thanks seller.
319,5,subok ko na ito pang ilang purchase ko na ito and super satisfied.. uulit pa ako for sure.. padagdag po keto gmax
320,5,Satisfied customer here ğŸ’¯ğŸ†—ğŸ‘ğŸ‘ğŸ‘
321,5,Thanks po sa frebbies ğŸ˜€
322,5,nice.. sulit.. effective.. mabilis dunating
323,5,"thank you Lazada,sulit ung bayad ko...tama sa order ang dumating..1 box nalang na picture ko kinuha agad saakin ng buyer...order ulit ako"
324,5,Product quality is very nice! ! Satisfied customer here! Thank you seller! Thank you Lazada! ğŸ’¯ğŸ†—ğŸ‘ğŸ‘ğŸ‘
325,5,"Packed nicely. Secured and no damage at all. 
Very fast and efficient shipping and delivery.
I will order again if effective.
Packed nicely. Secured and no damage at all. 
Very fast and efficient shipping and delivery.
I will order again if effective.
Packed nicely. Secured and no damage at all. 
Very fast and efficient shipping and delivery.
I will order again if effective."
326,5,Nice product â˜ºï¸
327,5,"thanks you ONE FULL LIFE... i receive my order  and lazada thank U... 
also ky kua delivery 
 i give  a 5 star   i try to take this product  gluta lipo juice... kpag meron effect  mg bibigay pa aq ng another 5 starsğŸ˜ŠğŸ˜ŠğŸ˜ŠğŸ˜ŠğŸ˜Š at oorder pa po ako with coffee and juice na..."
328,5,Will surely purchase again and again. No problem when it comes to quality and shipping 
329,5,"Tbh, di ko sya na recieve sa araw ng delivery dahil wala ako sa bahay but I am very happy dahil dineliver pa rin ni kuya kinabukasan! Maayos ang packaging nga lang umuulan kaya medyo nasira ang pinaglalagyan na box nung tatlo but anyway, okay naman sya, walang sira ang mismong mga boxes ng glutalipo. Nakainom na ako kanina nito 4 hrs ago, letâ€™s what will happen. Thanks seller sa freebie and ofc sa nag deliver kahit malakas ang ulan!"
330,5,"ğŸ’¯ğŸ†—ğŸ‘ğŸ‘ğŸ‘
ğŸ’¯ğŸ†—ğŸ‘ğŸ‘ğŸ‘
ğŸ’¯ğŸ†—ğŸ‘ğŸ‘ğŸ‘
ğŸ’¯ğŸ†—ğŸ‘ğŸ‘ğŸ‘
ğŸ’¯ğŸ†—ğŸ‘ğŸ‘ğŸ‘
ğŸ’¯ğŸ†—ğŸ‘ğŸ‘ğŸ‘"
331,5,ğŸ‹ğŸŠğŸ‹ğŸŠğŸ‹ğŸŠğŸ‹ğŸŠğŸ‹ğŸŠğŸ‹ğŸŠğŸ‹ğŸŠğŸ‹ğŸŠğŸ‹ğŸŠğŸ‹ğŸŠğŸ‹ğŸŠğŸ‹ğŸŠğŸ‹ğŸŠğŸ‹ğŸŠğŸ‹ğŸŠğŸ‹ğŸŠğŸ‹ğŸŠğŸ‹ğŸŠğŸ‹ğŸŠğŸ‹ğŸŠğŸ‹ğŸŠğŸ‹ğŸŠğŸ‹ğŸŠğŸ‹ğŸŠğŸ‹ğŸŠğŸ‹ğŸŠğŸ‹ğŸŠğŸ‹ğŸŠğŸ‹ğŸŠğŸ‹ğŸŠğŸ‹ğŸŠğŸ‹
332,5,"I thank my God every time I remember you. In all my prayers for all of you, I always pray with joy Philippians 1:3-4
Perfume and incense bring joy to the heart, and the pleasantness of a friend springs from their heartfelt advice. Proverbs 27:9
Two are better than one, because they have a good return for their labor: If either of them falls down, one can help the other up. But pity anyone who falls and has no one to help them up. Ecclesiastes 4:9-10"
333,5,"2nd time to order. Ang bilis parin ng delivery. Thank you sa freebie!.
2nd time to order. Ang bilis parin ng delivery. Thank you sa freebie!."
334,5,I received the item well packed and on time. Thanks seller I will order again pag naubos ko na lahat ito. I hope this will help for me to loose weight. Thank you and stay safe ğŸ™‚ğŸ‘ŒğŸ»
335,5,sorry po sa late review 
336,5,Thank you po sa freebieğŸ¥°ğŸ¥°ğŸ¥°ğŸ¥°ğŸ¥°ğŸ¥°ğŸ¥°ğŸ¥°ğŸ¥°ğŸ¥°ğŸ¥°ğŸ¥°ğŸ¥°ğŸ¥°ğŸ¥°ğŸ¥°ğŸ¥°ğŸ¥°ğŸ¥°ğŸ¥°ğŸ¥°ğŸ¥°ğŸ¥°ğŸ¥°ğŸ¥°ğŸ¥°ğŸ¥°ğŸ¥°ğŸ¥°
337,5,"super love this product....item recieve in good packaging... thank you po sa sellee and lazada...
ğŸ˜ŠğŸ˜ŠğŸ˜Š"
338,5,"Sibrang bilis ng delivery, 1 day lang"
339,5,fast deliver in well pack i will order again
340,5,ğŸ’¯ğŸ†—ğŸ‘ğŸ‘ğŸ‘
341,5,received in good condition. thanks
342,5,got my order in good condition and complete.. well packed.. ill order again if effective c gluta lipo sakin.. my face shield pang free.. ğŸ˜Š
343,5,ang bilis ng delivery kahapon ko lang inorder na delivered agad. and yung box ng product naka sealed legit same na nabili ko. 
344,5,Thank you! Satisfied customer here...LegitğŸ‘Œ
345,5,thank you seller for fast delivery and looks safe the item in the box...
346,5,"na try ko na, and i think its effective. thanks for the freebee."
347,5,my 4th time to buy in this shop..Fast delivery..nice packaging..Legit product.ğŸ™‚
348,5,Thank you so much sa seller.. May freebie pa na face mask. Pang 3 ko na atang order dito. Maayos ang packaging and dast delivery.. Thank you.
349,5,ğŸ”¥ğŸ”¥ğŸ”¥ğŸ”¥ğŸ”¥ğŸ”¥ğŸ”¥ğŸ”¥ğŸ”¥ğŸ”¥ğŸ”¥ğŸ”¥ğŸ”¥ğŸ”¥ğŸ”¥ğŸ”¥ğŸ”¥ğŸ”¥ğŸ”¥ğŸ”¥ğŸ”¥ğŸ’¯ğŸ’¯ğŸ’¯ğŸ’¯ğŸ’¯ğŸ’¯ğŸ’¯ğŸ’¯ğŸ’¯ğŸ’¯ğŸ’¯ğŸ’¯ğŸ’¯ğŸ’¯ğŸ’¯ğŸ’¯ğŸ’¯ğŸ’¯ğŸ’¯ğŸ’¯ğŸ’¯
350,5,Nakuha ko na yung order ko mabilis siyang dumating well see in a long run if effective and may result siya
351,5,got my parcel fast shipping and delivery well packed parin at my 2nd time ordering in this shop. thank you seller  thanks din sa pa freebie  thanks din sa rider and sa lazada. satisfied customer hereğŸ‘ğŸ¼ğŸ‘ğŸ¼ğŸ‘ğŸ¼
352,5,orders complete
353,5,Legit siya thankyou seller
354,5,good morning po wrong item ung dumating ang order ko po gluta juice hindi gluta food supplement
355,5,Hello po.. Thank you po seller never pa po ako nabibigo sa twing umoorder po ako sa shop nyo.. Every order was good mapa quality and quantity..kahit sa pagka lagay sa loob ng box.. Napaka secure.. God bless po sa shop.. More customers to come! 
356,5,Legit may freebies pa
357,5,"sobrang bilis ng shipping! ang bait pa ng nagdedeliver pls. watch and subscribe to my youtube channel          ""LAI NOSAL AD VLOGS"" , may result na sya hehehe! effective nga sya thank u seller at lazada! "
358,5,Thank you so much sa freebie na mask.Been taking the juice lately.Ok po sya.Might order again pag naubos ko sya.ğŸ˜Š
359,5,Papayat ka dahil hihilab mo tiyan mo like after 8-10 hours. Kaya pag May lakad wag uminom nito or else d ka aabot. 
360,5,salamat seler at lazada totoong legit! ğŸ‘ğŸ™ğŸ’ŸğŸ’ğŸ‘Œ
361,5,hang bilis dumating ğŸ˜Š kahapon qu lng inorder by the way thank you seller and lazada .. .also thanks to freebies
362,5,"salamat lazada, seller at kuyang rider. nakakahappy
salamat lazada, seller at kuyang rider. nakakahappy"
363,5,Well packed siya and so happy na nilagay nila sa box. May free mask pa and dumating agad. Hope this is legit. 
364,5,Napa wowwwwwwww... The shipping and handling very fast.. At naka box pa.. Mabait pa yong rider... Oorder ako ulit. Super legit siya. 1st time ko pa nag order 100% satisfied. 
365,5,mabilis po ying delivery. complete naman din yung item may free mask pa thanks po
366,5,"Super fast delivery......well packed.....thanks sa freebies....

Thanks seller and sa nag deliver ğŸ™‚ğŸ‘ğŸ‘ğŸ‘ğŸ‘ğŸ‘ğŸ‘ğŸ‘Œ"
367,5,Hello seller.. Nakuha kona po yung order ko.. Thank you po.. Complete order.. At in good condition din.. God bless po sa store nyo.. 
368,5,Items recievedğŸ‘ almost complete nmn ung laman ng 3 boxesğŸ‘ğŸ‘ğŸ‘ thank you seller s free facemaskğŸ˜Š & thank you dn s nag deliver God blessğŸ™
369,5,"- Satisfied customer
- Well packed
- Fast delivery of transaction
- Well recommended

Thank you so much!"
370,5,Ang ganda po ng promo niyo sobrang affordable. Di ko pa po siya nagagamit pero feeling ko po effective naman 
371,5,"If you're looking for a legit gluta lipo juice this shop will surely cater your needs. Authentic, packed well & the delivery time is consistent. Thank you seller for a smooth transaction and for the freebie ğŸ˜Š. More power to your shop."
372,5,All I can say its really highly recommended . Everything you wanted will arrived the same . 
373,5,Maayos ang packaging nya. Mabait si kuya na ngdeliver. Maraming salamat effective sya sa akin.
374,5,"thanks you seller maayos natangap kuna 
po salamat sa nagdelever ğŸ˜ğŸ˜"
375,5,I love the items its legit ğŸ˜ŠğŸ˜ŠğŸ˜ŠğŸ˜ŠğŸ˜ŠğŸ˜ŠğŸ˜ŠğŸ˜ŠğŸ˜ŠğŸ˜ŠğŸ˜ŠğŸ˜ŠğŸ˜ŠğŸ˜ŠğŸ˜ŠğŸ˜ŠğŸ˜ŠğŸ˜ŠğŸ˜ŠğŸ˜ŠğŸ˜ŠğŸ˜ŠğŸ˜ŠğŸ˜ŠğŸ˜ŠğŸ˜ŠğŸ˜ŠğŸ˜ŠğŸ˜Š
376,5,Got it with free mask. Autentico with there sticker tape. Happy with my order. Order ako uli kasi my free mask. ğŸ˜‚
377,5,thank you seller..ang Ganda ng packaging nya...walang yupi ang box ng item salamat po...till next transaction ğŸ™‚thank you din k kuya nagdeliver ğŸ™‚
378,5,Salamat seller ang bilis nadeliver agad in one day tapos may pafreebies pa health and beauty talaga ...Salamat po sa susunod na order ko syo ang check out ko po seller... ğŸ˜ŠğŸ˜‰
379,5,Thank you seller! Satisfied buyer hereğŸ˜Š So if you're looking for a legit gluta lipo products this shop will definitely cater you. Kudos to you Seller! God bless po
380,5,"pangalawang order ko na ito sa seller na ito,ang bilis talaga ng shipping,maraming salamat seller,at sa nagdelibe"
381,5,items are complete and mabilis lang nadeliver. the packaging is good and wala naman damage. 
382,5,"Thank you ,so Happy sa item na nabili ko.sealed cia at may freebie pa..Thumbs up ke seller..Thank u ğŸ™ "
383,5,"This is my 4th time to order in this shop. Thank you seller kasi laging sakto yung dating ng order ko. Mabilis na, well packaged and legit ang item. God bless seller and to your shop. "
384,5,Soo legit...and effective! I do not have problem with my movement now and Iâ€™m soo happy now! 
385,5,thank you Lazada may freebies png facemask...ang bilis dumating...i love gluta lipo juice
386,5,Very Well Packaged. I'm impress! sana sa next order ko ganun pa din.
387,5,"Narecieved ko na po at well packed po ang mga item. Thanks po seller and sa nag deliver po ğŸ˜Š
hopefully effective po ito sakin ğŸ˜„"
388,5,Thank you! my freebies pa ğŸ˜Š until next time.. bilis pa ng delivery.. 
389,5,"2nd time ordering to this store and it never fails me!!! Seller is replying to all of my questions. Items are well packaged. And fast delivery. 
True to its ads Gluta Lipo has a pleasant taste, unlike other slimming juices.
If it has an effect to me I'll surely order again. Will also be trying the coffee."
390,5,Super bilis dumating nung item at ok ang package oorder ako ulit pag effective sakin â˜ºï¸ Thankyou po â˜ºï¸
391,5,first time to order dito kay seller sobrang bilis ng transaction AS IN kahit ECQ. PACKAGING ok na ok ğŸ˜Š item ok din at kumpleto.. will order again soon.. 
392,5,"As always one full life is my fave shop,  packaging is superv safe and all authentic,  kaya comfstable na ako mag order dito, alam ko di magloloko.  Godbless..."
393,5,Thank you po uulit po aq ulit sa inyo.. 
394,5,"ETA ng item is April 27 to May 6. Ineexpect ko na baka nga lumagpas pa dun dahil aa ECQ pero after 6 days simula nung inorder ko, dumating agad and in good condition pa. Sana effective to! ğŸ˜„ God bless you Seller! "
395,5,Bilis ng delivery at may freebie pa. Let's see kung effective nga...
396,5,"Already got the product and all are in good condition, excited to use this ğŸ˜Š thank you"
397,5,"Thank you for adding the extra freebie along with the item. I greatly appreciate it since I'm a new customer. I've been using if for almost 5 days and on the third day the effects are already taking place. Hope to have more great results in the next 2-3 weeks. Will definitely order soon. Just a friendly advice, it would be best if you stretch for at least 15-20 minutes a day. It greatly helps. "
398,5,Hindi agad ako nakapag review dahil tin try ko muna ano result saaken first night ko sya tinake after 3 hours nag poo naku ng gabi then gumising ako 8am nag poo nanaman ako after 2hourd around 10am nag poo ulit then 1pm last poo kuna sya . So ngayon pang 3 nights kuna sya tnitake kung mag take kayo make sure late yong pasok nio sa work nio kase for me the second night pag take ko kinaumagahan napaka worst nia as in lalabas nya lahat ng toxic sa body. Masarap sya kaya 5 star c seller at good condition to tatlo box na order ko sa uulitin pi thank you and godbless!!!
399,5,super legit!! isang beses ko p lmg ginmit effective kagad! kinabuksan aun lumbas agadğŸ¤£ lgi kc aq my prblm sa pagdumi kaya its very helpful this product and i think i will loose weight soon. i will defintly order again and again!ğŸ‘ğŸ‘ğŸ‘ŒğŸ‘ŒğŸ‘Œ
400,5,"nakaka excite naman to, first time kong gagamit ng gluta lipo product, dahil maganda ang mga reviews nito...wish me luck, update ako after kong maubos lahat to, hehe...thanks sa mask ğŸ˜‰. thanks seller & thanks lazada..."
401,5,"Great packaging ğŸ‘
Fast Delivery ğŸ‘Œ
Seller is very responsive ğŸ‘"
402,5,"nice packaging. . . .sana epektibo syağŸ˜‰ğŸ˜‰ğŸ˜‰ğŸ˜‰
thank you kay kuya delivery. at kay Lazada. . . "
403,5,âœ”ï¸âœ”ï¸âœ”ï¸ğŸ‘ğŸ‘ğŸ‘
404,5,Authentic. Effective. Tastes good. Nakakapoops pero di masyado - naging regular lang yung pagdumi ko tuwing morning. Consumption ko kalahating sachet everyday bago matulog. From 58kg to 54kg after 2 boxes. With regular excercise (jogging)
405,5,"nice nman packaging kahit d naka bubble wrap
may pa freebie pa thank seller sa uulitin"
406,5,Legit. Tanggal bloatedness ko sa product na 'to plus marasap pa' yong lasa ng juice. I will surely order again. Thank you ONE FULL LIFE ğŸ˜˜
407,5,Package safe 100 % 
408,5,legit sellerğŸ‘ğŸ‘â¤ï¸â¤ï¸
409,5,"suki n po aq ng shop n ito,, legit. effective po..â¤ï¸ğŸ¤— thank you seller and sa nagdeliverâ˜ºï¸"
410,5,Maayos po ang packaging .. sealed ğŸ¥°
411,5,legit po ang seller na uto.. mdami n po ako naorder n gluta lipo.. thank you poâ˜ºï¸â¤ï¸ thank you din po sa nagdeliverâ˜ºï¸
412,5,nice nice original
413,5,Fast delivery and secured ang packaging. ğŸ‘ğŸ‘ğŸ‘
414,5,"super effective lalo na sakin na constipated,hinde nako nag bloated ngayon.lumiit nadin ang tyan ko.."
415,5,good product ..will repurchase again .. guaranteed legit and not scam .. thank you seller :)
416,5,"I ordered both JUICE and COFFEE yesterday, dumating na ngayon. Super fast delivery! Well packaged, too. Thank you sa mga freebies, seller. Nakakatuwa naman! â¤ï¸ HIGHLY RECOMMENDED! I will definitely order again! Thank you, Lazada."
417,5,"Ang bilis ng delivery kaka order ko lang mung gabi morning nag txt idedeliver na daw at narecieve ko hapon, nakaka tuwa lang ğŸ˜ğŸ˜"
418,5,ang ganda lang talaga umorder ulit ako....lakas maka jebs.....
419,5,"Fast delivery,well packed,accommodating seller thanks,mabait na delivery man,will see sana effective din sakin yung product. Over all good review to this. Altho hindi parehas na green coffee ung coffee peeo coffee padin keri na dina maselan, one question lang po. Bakit nung magcheck out ako ng order ng dec.11 between 8-10pm may advertise si lazada na free shipping sa Luzon,kaya hinabol ko nung icheck ko lumabas naman na 594 free shipping,pero ngayon pagkadeliver may shipping fee pala 621 na total ko. Paano po yung gagawin dun? Ask ko lang po kaninong laps yun? Ano po kadalasan ginagawa nyo kapag may mga ganyan? Confused lang.hehe. Thank one full life Big star to sakin"
420,5,i ordered this product fot the 3rd time . Masarap sya then hindi na din ako constipated â˜ºï¸â˜ºï¸
421,5,as always. eto lang un trusted store na inoorderan ko ng gluta lipo ğŸ˜Š
422,5,"been using this for 3mos now .. so far okay po, will order again soon ğŸ˜Š"
423,5,Thank you seller sa freebie.. suki na ako dito. Every month ako naorder. Next month ulit. thanks.
424,5,been ordering for quite awhile now .. satisfied naman ako 
425,5,madami ng beses po ako nag order s ahop n ito legit po ito... thank you seller at ky kuya nagdeliverâ˜ºï¸
426,5,Will order again!
427,5,"This shop never fails to give freebies! As always, well-packed ang item kaya ever since I have taken gluta lipo, dito sa store ako umoorder. Thanks seller! "
428,5,this is second time that i ordered. so far naboboost nya metabolism ko . salamat seller
429,5,thank you seller for the freebies can't wait to try it 
430,5,so good ğŸ¥°ğŸ¥°ğŸ¥°ğŸ˜˜ dati napo ako nainom ng glutalipo juice hinimto kulang kc sobrang pumuti po talaga ako natatakot po akoğŸ¥°
431,5,oksğŸ‘ğŸ‘
432,5,Thumbs up sa product legit at hindi fake! Naka secure din siya and may freebies..! Walang kahit anong damage yung box at product sa loob.. Thanks! 
433,5,good quality and package ğŸ“¦ 
434,5,100% legit since 2019 dito na aq nag oorder ng vitaplus sa one full life and now gluta lipo din thank u.
435,5,Sana effective
436,5,maraming n ako umorder dito legit seller. thank you.
437,5,3x na po nag ordr super bilis ng delivery. thnk u so mch. ang super effective din po
438,5,goottttcccchhhaaaaaaaaaaaaaaaaaaaaaaaaaaaaaaaaaaaaaaaaaaaaaaaaaaaaaa..........
439,5,"Thank you seller, my pa mask pa kasama.will order againâ¤ï¸"
440,5,maraming slamat po seller...slamat po sa pa-freebies nyo plagi .. god bless seller at sa kuya rider keep safe
441,5,"Good for constipation, sakto lang yung packaging what u see is what you get"
442,5,supper effective po 5 star po
443,5,properly packed and thanks for the freebies
444,5,Suki na aq sa store na eto ilang beses na aq nag order at di aq nabigo thank you seller at lazada at thank you sa freebies nyo sa akin..bili na kayo dito authentic xa guys ğŸ˜
445,5,Effective siya. Nagamit ko na siya before and it is my second time na. May small progress but atleast may progress. 
446,5,thank you rider.
447,5,effective. it's my 3rd time to order from this store. well packed.sealed and intact.fast delivery
448,5,bbjjjjnbbvvvvj
449,5,amazing
450,5,"legit ğŸ‘Œ thank you
"
451,5,Sana Po effective para umorder uli sakin ung nag order nYanğŸ™ğŸ˜‰ğŸ‘
452,5,"i love this juice, it has a positive effect on me.. this is the third time i ordered. highly recommendedâ€¦ two thumbs upâ€¦"
453,5,Thank you Seller.. Item Received in good condition
454,5,mabilis siya dumating........welll packed..will order again soon..salamat seller at kay kuya rider
455,5,Well packed and fast delivery. Thank you for the free face shield. 
456,5,1st take ko ladt night.effective agad at hindi madyadong sweets.thanks seller
457,5,Mabilis dumating tapos in good condition naman lahat. I tried it first before leaving a review and it taste good naman. 
458,5,went to the bathroom thrice! ğŸ˜‚
459,5,genuine
460,5,"Nice product!!!!!
Sana effective ğŸ˜ŠğŸ˜ŠğŸ˜ŠğŸ˜ŠğŸ˜Š
Thank you so much lazadağŸ‘ğŸ‘ğŸ‘ğŸ‘ğŸ‘ğŸ‘ğŸ‘ğŸ‘ğŸ‘ğŸ‘ğŸ‘ğŸ‘ğŸ‘ğŸ‘ğŸ‘ğŸ‘ğŸ‘ğŸ‘ğŸ‘"
461,5,"Thank you po! Nareceived ko po agad. ğŸ˜Š
Order date: 8/8/2021
Receive: 8/9/2021
God bless po and more power! Thank you rin po sa freebie niyo. â¤ï¸"
462,5,"My freebie na mask. Thanks
"
463,5,thank you seller pang 3rd time ko na po mag order nito ğŸ˜Š
464,5,"Natanggap kona., maganda ang package naka box.,
Safe at walang kupi ang box., masarap sya effective., thank u seller., "
465,5,follow ko na talaga tong seller na to..base sa reviews my free pang facial mask..ğŸ˜Š sana effecteive..bibili uli aqğŸ˜ŠğŸ˜ŠğŸ˜Š
466,5,"order complete! thank you so much!
will order again soon ğŸ˜˜ğŸ˜˜ğŸ˜˜ğŸ˜˜

thanks kay kuya rider na mabait ğŸ˜‰"
467,5,My 3rd order in this store authentic xa on time ang delivery..maganda ang packaging...meron pang freebies...thank you lazada ğŸ˜ŠğŸ˜€
468,5,my 3rd order
469,5,delivery ahead of time. parcel was well packed. thank you seller for the free mask. will order next time.
470,5,my 2nd order
471,5,been using it for 3mos. already..and it helps me a lot bec im constipated. no worries na ako now of eating more and more ğŸ˜† thanx u it arrived safe and well packed masyado..
472,5,as usual nkakaflush ng mga dapat iflush. nakakapayat at nagaan sa feeling kinabukasan after taking the juice
473,5,"Thank you so much for the fast transaction. ordered yesterday, got It today. And I love the free mask that comes with it. "
474,5,Thank you seller ang bilis ng deliver thank you din kay kuya na Lagi nagddlvr ng mga orders ko 
475,5,"so far okay nman sya sakin and masarap sya..
thank you ğŸ˜Š"
476,5,Second order ko na to. Thank you. Fast delivery din. Second order ko na to. Thank you. Fast delivery din.
477,5,Salamat sa free mask. Maayos na dumating sakin ung package. At effective talaga ang gluta juice. Puputi kana papayat kapa need mo lang din sabayan ng diet at exercise 
478,5,naging regular pag poop ko dahil sa pag inom ng juice.di ko pa natry ang coffee. try nyo na!!
479,5,"Super bili ordered May 31, arrived June 1 with free mask ğŸ¤—"
480,5,received na po.. ang bilis langğŸ™‚
481,5,"Fast delivery, packaging is okay and kompleto sya including the 2 sachet of coffee/free.  Will update review once observe with effectivity after use :)"
482,5,sulit ang bayad..naka save ako ng malaki..thank you
483,5,"3 box inorder ko. my free pa face mask
thanks a lot, sana effective para maka order ulit
ğŸ˜ğŸ˜‰ğŸ‘"
484,5,"We used to order here even before, I love the product "
485,5,â¤ï¸â¤ï¸â¤ï¸â¤ï¸â¤ï¸â¤ï¸â¤ï¸â¤ï¸â¤ï¸â¤ï¸â¤ï¸â¤ï¸ğŸ¥°ğŸ¥°ğŸ¥°ğŸ¥°ğŸ¥°
486,5,It was great and nice. Akala  ko fake sya pero effective nman pala mura na may libre pan face mask
487,5, good naman Ang item  hope it would be effective   into the user
488,5,100% legitâ¤ï¸
489,5,"Beautifully packed. Items are complete and correct.
Item is effective, it helps in keeping you regular. does not cause stomach aches or dizziness for me. great product. will order again."
490,5,Its nice i like it ...Thank you very much
491,5,effective nga salamatğŸ¥°ğŸ¥°ğŸ¥°
492,5,for me its effective at salamat sa freebie na facemask
493,5,thank you lazada and seller. super sealed iyong box niya. . sana effective sakin. if ever effective i will recommend it to my friends
494,5,Got it with a free n95 mask. ğŸ‘Œ You can be sure items are authentic from this store. 
495,5,Thank you po sa napakabilis na delivery.. thank you din sa freebie..order po ulit ako. thanks seller
496,5,ok nmn. everything is in good condition and the products are legit. 
497,5,ok ang inyong serbisyo order kog balik. salamat sa paghatud. amping bai.
498,5,"hello... sorry for the late review.. again, delivery was very fast and items are well packed.  thank you so much"
499,5,nakabox pa..may free pang face mask..tnx seller ..sana effectiveğŸ¥°
500,5,Fast delivery
,,
,,
,,
,,
,,
,,
,,
501,,Its legit this is my second time to order in this shop thank you seller and Lazada
502,,nakakadami nko ng order good
503,,legit
504,,legit product....maraming tnx
505,,Fast service delivery as always. Legit item excellent packaging with box. Thank you seller.
506,,ok naman po ang product salamat po seller and kay kiya rider
507,,thankyou seller goodbless po
508,,the priduct is ok na try ko na siya for some weeks. delivery is mabilis din. will order again soon.
509,,"prang mas gus2 ko tong nka box lng kc on d go na! wla na plang freebies hehe dhil cguro sa discount, slamat seller!"
510,,Ang ganda nung item.
511,,"This is my second order from this shop. Thank you sa freebie na plastic bag sante barley ğŸ˜Šâ˜ºï¸ Thank you seller â˜ºï¸ My only concern lang po yung expiry date is Nov 2023, pero ung na unang order ko before is 2024 pa. So sa expiration date lang concern ko so far okay Naman ang juice ğŸ˜Š
"
512,,"ok po legit...thanks seller..will order again soon!"
513,,"Good quality but seller should give freebies to buyers since it's an expensive item"
514,,"ok na ok po xa maraming salamat po sa uulitin"
515,,"Looks legit, packed properly. will order na lang dito sa shop na to pag naubos. ty seller"
516,,"I love it I love it I love it I love it I love it I love it I love it I love it I love it I love it I love it I love it I love it I love it I love it I love it I love it I love it I love it I love it I love it I love it I love it I love it I love it I love it I love it I love it I love it I love it I love it I love it I love it I love it I love it I love it "
517,,"ilan beses na ko nag order. suer legitğŸ‘ğŸ‘ğŸ‘ğŸ‘"
518,,"legit po tlga to tgal q na nagoorder dto maginhawa pakiramdam q ng umiinom aq nito promiz legit to.mrmi nagsbi sakin na d dw to orig kz ang orig nito ang isang box dw ay 1950 dto kz halos higit klahati ang masave my srp kz cla sinusunod pro bkit prehas nman lasa pti hitsura."
519,,fast delivery..... well packed....... sana may freebies pa rin...... thank you seller....
520,,"ordered received thank you seller 2nd time ko na nag order and mabilis ang shipping walang ding damage ang items "
521,,"received my parcel today, sobrang bilis dumating i ordered yesterday and i recieved it today thankyou so much seller third time to order in this store and di mu ako binigo always complete packaging and no damage and the xpiration date has intact, recommended this store kaya po dito na kayo bumili, you deserved a 5star rate seller good job till next transaction,thankyou din lazada and kaya kuya delivery man godbless.."
522,,"Thank you. It comes with a freebie coffee. :) 
"
523,,at its best. as always. trusted seller. thanks. ğŸ˜Š
524,,"thank you nakakailan box na po Ako Dito .Lage po maganda at maayos Ang pag kaka deliver ."
525,1,"Product is fake because i used Sante Barley powder for many months now and when i drink this product, i got allergy in my body and hands. I usually buy my sante barley locally but i try to buy this product in lazada beause its cheap but i got side effect on this. "
526,,"thank you lazada received my order in good i always order here in onefull life legit product and mabilis lang po dimating thank you to this shop at kay kuya na nagdeliver"
527,,legit order ako uli para sa mama ko tnx seller salamat din sa rider
528,,Dito na sa store na ito kami lagi umoorder ng sante barley. Mabilis pa dumating. Thank you seller.
529,,sulit Po Ang delivery at nakaka 3 sachet n Ako Ng item... wait ko lng kht 1 week para maramdaman ko Yung epekto
530,,The product is good and received it quickly. Excellent quality to its price. Will surely order again.
531,,ayos nmn nakabox sya gamot ng misis ko. well oks nmn lahat lahat same with the delivery. picture not related for coinz only
532,,ok nmn sya un nga lng po bakit yupi po ung box ? hindi ko po alam kung san nagka problema kung sa inyo po ba o sa delivery.
533,,last year order aq dto tapos ngaun nman good reviews nman.kya dto lng aq omoorder mrmi nman.ngsbi na legit kya twala rin aq dto.
534,,thank u po seller maayos po at maganda ang item na natanggap ngaun lang nakapagreview...salamt din kay rider...
535,,"Legit products thankyou seller for fast delivery, second time order this product and ilove it ğŸ˜nahiyang sa kapatid ko at first take will order pa ulet pag naubos , and napaka ayos ng pag kaka packed nya thanks seller di mu ako binigoğŸ˜Š thankyou din kay delivery man for very nice customer service.. thank you so much din lazada love itğŸ˜ğŸ˜Š"
536,,"thank you one full life,dito ako talaga lagi nag oorder i recommend this shop legit po thank you lazada at kiya na nagdeliver."
537,,"Thank you seller, received the product in a good condition ğŸ˜Š I will definitely order again if hiyang sakin to ğŸ™"
538,,"Fast delivery! Product is well packed, well sealed, seems legit naman. The box is exactly the same with the box which I bought from a nearby legit distributor but haven't tasted it yet. Good job courier and seller."
539,,this is a repeat order. item in good packaging and received in good condition.
540,,marami beses na po aq na order Lage nmn po ayos ung dating Ng item .salamat po
541,,"Dumating na, ikalawang order ko na toh sa store natoh looks legit nman na compare ko na sa ibang store same lng, kudos seller sa sulit na presyo sa inyo!"
542,,Received this item with freebies. Rider is friendly and deliver early on the date. Thank you
543,,As usual legit and very effective for my bronchial asthma. Will definitely order again.
544,,"bilis ng dlivery, first to use this product hope it will help"
545,,ok po Ang packaging at ok dn Ang taste at smell Ng SANTE PURE BARLEY POWDER LEGIT ANG STORE NA TO.GODBLESS PO SA INYUğŸ™
546,,ok po Ang packaging at ok dn Ang taste at smell Ng SANTE PURE BARLEY POWDER LEGIT ANG STORE NA TO.GODBLESS PO SA INYUğŸ™
547,,maraming salamat poh 100 %legit legit
548,,medyo matamis sya..ğŸ¤”
549,,bought second time around. nice product!
550,,"Item arrived as per earliest schedule, this was already a repeat order as we find this barley drink helpful to boost immune system."
551,,legit
552,,frequent buyer ako ng barley so far wala nmang problema.
553,,Thank you.
554,,fast delivery........ pero wala freebie now....... â˜º..............................
555,,thank u so much..very satisfied customer here 3X na po ako ng order sa seller na ito..what u see is what u get..thank u
556,,Bumili ako prehas ng sante at i amazing para parehas ko subukan. Both are way cheaper here compared to distributors. Thanks seller ğŸ¤—
557,,Wala pa kaming makitang effect sa asawa ko kakaorder ko lang nito. Pero oorder uli ako now kasi paubos na ang nabili ko. Bumabase nalang ako sa mga positive reviews na nabasa ko dito. Wala akong nareceive na freebies kahit 2boxes ang nabili ko. Pero ok lang yun hindi naman big deal sakin yung ganon. Sana legit talaga tong Sante Barley kasi kailangan talaga maalis na gallstone ng mister ko.ğŸ˜¥. Mahirap ang maoperahan. ğŸ¥º
558,,legit thanksğŸ˜Š
559,,-super bilis dumating nung item
560,,"-super legit"
561,,-responsive si seller -matagal pa yung expiration -mura pa
562,,Fast delivery recieved my order in good condition.thank you lazada kay seller at kay kuya na nag deliver
563,,trusted seller
564,,thank you po.sa uulitin po
565,,order received. thank you seller â¤ï¸ super bilis lang ng shipping and super sealed talaga
566,,super fast delivery sana ok sakin ang sante barley ğŸ˜ŠğŸ˜Š
567,,okie naman po ang item well packed salamat seller at kay kuya rider....
568,,thank you...
569,,bilis ni seller mgprocess....fast delivery.... very accomodating si seller...legit..
570,,As always legit. I been drinking for 4 years now mostly purchased from.this store. well packed
571,,Sana di ko pagsisihan ang pag order q nito. ğŸ˜”ğŸ˜”ğŸ˜‡ğŸ˜‡ğŸ™ğŸ™
572,,legit
573,,This is my 5th time to order. Nice. Legit. Laging may free mask. Thanks seller.
574,,Ok naman sya
575,,my 3rd time order in this shop.wala parin freebieâ˜ºï¸sana sa pang 4th merun na.thank you so much seller.bikis lagi ng shipping at secured lagi ang packaging nya.till next time.kudos sa deliveryman na napaka tiyagang mag deliver lagi dito.
576,,"Thanks seller at kuya suki nya nko,paorder lng sakin to,... super bilis tlg dto,kya always d2 me order KC d k mg antay ng mtgall llo nid mo asap!!!ğŸ‘ğŸ‘ğŸ‘ğŸŒŸğŸŒŸğŸŒŸğŸŒŸğŸŒŸğŸ’¯legit"
577,,late review kc uminum ko muna effective Naman po.ğŸ‘ğŸ‘ğŸ‘ğŸ‘ğŸ‘
578,,thank u seller sa free at sa mura barley buy uli pag na ubos n.thank u lazada.thank u sa nag deliver
579,,My husband likes this Barley. I always order from them. Always receives the products earlier than expected.
580,,thank you lazada recieved my order today complete packaging.thank you seller at kay delivery boy.i will order again.ğŸ˜Š
581,1,fake s inyo..ung binili ko sa distibutor iba sa binili ko sa inyo
582,,"ok nman.. "
583,1,"iba angbpackaging compare sa nabili ko sa mga officoal dealer. duda ko peke ang product nyo"
584,,As usual legit sante barley! really helps with my bronchial asthma.
585,,"Thank you, SANTE Barley Powdered drink for being the best defense against different kinds of illnesses."
586,,"Legit, salamat seller. order ako uLit next time. â˜ºï¸"
587,,"thank you sa freebie!"
588,,"so thnkyouuuu po marami order po ulit ako  Sana mabilis ulit pag dating "
589,,
590,,
591,,
592,,
593,,
594,,
595,,
596,,
597,,
598,,
599,,
600,,
601,,
602,,
603,,
604,,
605,,
606,,
607,,
608,,
609,,
610,,
611,,
612,,
613,,
614,,
615,,
616,,
617,,
618,,
619,,
620,,
621,,
622,,
623,,
624,,
625,,
626,,
627,,
628,,
629,,
630,,
631,,
632,,
633,,
634,,
635,,
636,,
637,,
638,,
639,,
640,,
641,,
642,,
643,,
644,,
645,,
646,,
647,,
648,,
649,,
650,,
651,,
652,,
653,,
654,,
655,,
656,,
657,,
658,,
659,,
660,,
661,,
662,,
663,,
664,,
665,,
666,,
667,,
668,,
669,,
670,,
671,,
672,,
673,,
674,,
675,,
676,,
677,,
678,,
679,,
680,,
681,,
682,,
683,,
684,,
685,,
686,,
687,,
688,,
689,,
690,,
691,,
692,,
693,,
694,,
695,,
696,,
697,,
698,,
699,,
700,,
701,,
702,,
703,,
704,,
705,,
706,,
707,,
708,,
709,,
710,,
711,,
712,,
713,,
714,,
715,,
716,,
717,,
718,,
719,,
720,,
721,,
722,,
723,,
724,,
725,,
726,,
727,,
728,,
729,,
730,,
731,,
732,,
733,,
734,,
735,,
736,,
737,,
738,,
739,,
740,,
741,,
742,,
743,,
744,,
745,,
746,,
747,,
748,,
749,,
750,,
751,,
752,,
753,,
754,,
755,,
756,,
757,,
758,,
759,,
760,,
761,,
762,,
763,,
764,,
765,,
766,,
767,,
768,,
769,,
770,,
771,,
772,,
773,,
774,,
775,,
776,,
777,,
778,,
779,,
780,,
781,,
782,,
783,,
784,,
785,,
786,,
787,,
788,,
789,,
790,,
791,,
792,,
793,,
794,,
795,,
796,,
797,,
798,,
799,,
800,,
801,,
802,,
803,,
804,,
805,,
806,,
807,,
808,,
809,,
810,,
811,,
812,,
813,,
814,,
815,,
816,,
817,,
818,,
819,,
820,,
821,,
822,,
823,,
824,,
825,,
826,,
827,,
828,,
829,,
830,,
831,,
832,,
833,,
834,,
835,,
836,,
837,,
838,,
839,,
840,,
841,,
842,,
843,,
844,,
845,,
846,,
847,,
848,,
849,,
850,,
851,,
852,,
853,,
854,,
855,,
856,,
857,,
858,,
859,,
860,,
861,,
862,,
863,,
864,,
865,,
866,,
867,,
868,,
869,,
870,,
871,,
872,,
873,,
874,,
875,,
876,,
877,,
878,,
879,,
880,,
881,,
882,,
883,,
884,,
885,,
886,,
887,,
888,,
889,,
890,,
891,,
892,,
893,,
894,,
895,,
896,,
897,,
898,,
899,,
900,,
901,,
902,,
903,,
904,,
905,,
906,,
907,,
908,,
909,,
910,,
911,,
912,,
913,,
914,,
915,,
916,,
917,,
918,,
919,,
920,,
921,,
922,,
923,,
924,,
925,,
926,,
927,,
928,,
929,,
930,,
931,,
932,,
933,,
934,,
935,,
936,,
937,,
938,,
939,,
940,,
941,,
942,,
943,,
944,,
945,,
946,,
947,,
948,,
949,,
950,,
951,,
952,,
953,,
954,,
955,,
956,,
957,,
958,,
959,,
960,,
961,,
962,,
963,,
964,,
965,,
966,,
967,,
968,,
969,,
970,,
971,,
972,,
973,,
974,,
975,,
976,,
977,,
978,,
979,,
980,,
981,,
982,,
983,,
984,,
985,,
986,,
987,,
988,,
989,,
990,,
991,,
992,,
993,,
994,,
995,,
996,,
997,,
998,,
999,,
1000,,
1001,,